holiday_date,holiday_name
2022-01-01,Nyårsdagen
2022-01-06,Trettondedag jul
2022-04-15,Långfredagen
2022-04-17,Påskdagen; Söndag
2022-04-18,Annandag påsk
2022-05-01,Första maj; Söndag
2022-05-26,Kristi himmelsfärdsdag
2022-06-05,Pingstdagen; Söndag
2022-06-06,Nationaldagen
2022-06-25,Midsommardagen
2022-11-05,Alla helgons dag
2022-12-25,Juldagen; Söndag
2022-12-26,Annandag jul
2023-01-01,Nyårsdagen; Söndag
2023-01-06,Trettondedag jul
2023-04-07,Långfredagen
2023-04-09,Påskdagen; Söndag
2023-04-10,Annandag påsk
2023-05-01,Första maj
2023-05-18,Kristi himmelsfärdsdag
2023-05-28,Pingstdagen; Söndag
2023-06-06,Nationaldagen
2023-06-24,Midsommardagen
2023-11-04,Alla helgons dag
2023-12-25,Juldagen
2023-12-26,Annandag jul
2024-01-01,Nyårsdagen
2024-01-06,Trettondedag jul
2024-03-29,Långfredagen
2024-03-31,Påskdagen; Söndag
2024-04-01,Annandag påsk
2024-05-01,Första maj
2024-05-09,Kristi himmelsfärdsdag
2024-05-19,Pingstdagen; Söndag
2024-06-06,Nationaldagen
2024-06-22,Midsommardagen
2024-11-02,Alla helgons dag
2024-12-25,Juldagen
2024-12-26,Annandag jul
2025-01-01,Nyårsdagen
2025-01-06,Trettondedag jul
2025-04-18,Långfredagen
2025-04-20,Påskdagen; Söndag
2025-04-21,Annandag påsk
2025-05-01,Första maj
2025-05-29,Kristi himmelsfärdsdag
2025-06-06,Nationaldagen
2025-06-08,Pingstdagen; Söndag
2025-06-21,Midsommardagen
2025-11-01,Alla helgons dag
2025-12-25,Juldagen
2025-12-26,Annandag jul
2026-01-01,Nyårsdagen
2026-01-06,Trettondedag jul
2026-04-03,Långfredagen
2026-04-05,Påskdagen; Söndag
2026-04-06,Annandag påsk
2026-05-01,Första maj
2026-05-14,Kristi himmelsfärdsdag
2026-05-24,Pingstdagen; Söndag
2026-06-06,Nationaldagen
2026-06-20,Midsommardagen
2026-10-31,Alla helgons dag
2026-12-25,Juldagen
2026-12-26,Annandag jul
2027-01-01,Nyårsdagen
2027-01-06,Trettondedag jul
2027-03-26,Långfredagen
2027-03-28,Påskdagen; Söndag
2027-03-29,Annandag påsk
2027-05-01,Första maj
2027-05-06,Kristi himmelsfärdsdag
2027-05-16,Pingstdagen; Söndag
2027-06-06,Nationaldagen; Söndag
2027-06-26,Midsommardagen
2027-11-06,Alla helgons dag
2027-12-25,Juldagen
2027-12-26,Annandag jul; Söndag
2028-01-01,Nyårsdagen
2028-01-06,Trettondedag jul
2028-04-14,Långfredagen
2028-04-16,Påskdagen; Söndag
2028-04-17,Annandag påsk
2028-05-01,Första maj
2028-05-25,Kristi himmelsfärdsdag
2028-06-04,Pingstdagen; Söndag
2028-06-06,Nationaldagen
2028-06-24,Midsommardagen
2028-11-04,Alla helgons dag
2028-12-25,Juldagen
2028-12-26,Annandag jul
